{"game_length":2321.35595703125,"game_length_minutes":38,"match_id":1}
{"game_length":2133.033447265625,"game_length_minutes":35,"match_id":2}
{"game_length":2144.29345703125,"game_length_minutes":35,"match_id":3}
{"game_length":2714.344970703125,"game_length_minutes":45,"match_id":4}
{"game_length":2484.423583984375,"game_length_minutes":41,"match_id":5}
{"game_length":1971.141357421875,"game_length_minutes":32,"match_id":6}
{"game_length":2218.070556640625,"game_length_minutes":36,"match_id":7}
